alias	linkerSequence	bcSeq	gender	primer	ltrBit	largeLTRFrag	vectorSeq
clone3-1	CGCCAACGTAGCGTTGCACNNNNNNNNNNNNCTCCGCTTAAGGGACT	GTACATACCGGT	f	GAAAATC	TCTAGCA	TGCTAGAGATTTTCCACACTGACTAAAAGGGTCT	p746vector.fasta
clone3-2	CGCCAACGTAGCGTTGCACNNNNNNNNNNNNCTCCGCTTAAGGGACT	TCCGACACAATT	f	GAAAATC	TCTAGCA	TGCTAGAGATTTTCCACACTGACTAAAAGGGTCT	p746vector.fasta
clone4-2	GACGCGTAAGGTCGGGTAGNNNNNNNNNNNNCTCCGCTTAAGGGACT	GACTTGGTATTC	f	GAAAATC	TCTAGCA	TGCTAGAGATTTTCCACACTGACTAAAAGGGTCT	p746vector.fasta
pool2-3	CCCAGCGATCGTGTCGAACNNNNNNNNNNNNCTCCGCTTAAGGGACT	GACTTTCCCTCG	f	GAAAATC	TCTAGCA	TGCTAGAGATTTTCCACACTGACTAAAAGGGTCT	p746vector.fasta
pool3-1	GCGTGCTGAAGACGCGTAGNNNNNNNNNNNNCTCCGCTTAAGGGACT	GTTGGTCAATCT	f	GAAAATC	TCTAGCA	TGCTAGAGATTTTCCACACTGACTAAAAGGGTCT	p746vector.fasta
pool3-2	GCGTGCTGAAGACGCGTAGNNNNNNNNNNNNCTCCGCTTAAGGGACT	TAGCTCGTAACT	f	GAAAATC	TCTAGCA	TGCTAGAGATTTTCCACACTGACTAAAAGGGTCT	p746vector.fasta
HIV_CTRL_noLig-1	CCCACGTCTCGGTTGGATGNNNNNNNNNNNNCTCCGCTTAAGGGACT	CGGAGCTATGGT	f	GAAAATC	TCTAGCA	TGCTAGAGATTTTCCACACTGACTAAAAGGGTCT	p746vector.fasta
HIV_CTRL_noLig-4	CCCACGTCTCGGTTGGATGNNNNNNNNNNNNCTCCGCTTAAGGGACT	TACAGATGGCTC	f	GAAAATC	TCTAGCA	TGCTAGAGATTTTCCACACTGACTAAAAGGGTCT	p746vector.fasta
UNIF	CGCCTGCTCGCTAAGCTCTNNNNNNNNNNNNCTCCGCTTAAGGGACT	AATCAGTCTCGT	f	GAAAATC	TCTAGCA	TGCTAGAGATTTTCCACACTGACTAAAAGGGTCT	p746vector.fasta
